,ddG_30Mg,std_30Mg,n_30Mg,R_30Mg,n_R_30Mg,r,r_low,r_high,n_compared,frequency
AUAGG_CCUAAAC,3.0595538998150023,0.4350099803809573,44,0.8328856436259873,31,0.8328856436259873,0.6789044878107415,0.916689397183478,31,1
GUAGG_CCUAAAC,2.9007531994450004,0.81293848275962,36,0.4701766180869836,31,0.4701766180869836,0.13898641044074345,0.7067709479715479,31,4
