,ddG_30Mg,std_30Mg,n_30Mg,R_30Mg,n_R_30Mg,r,r_low,r_high,n_compared,frequency
GAGGA_UUCUAAC,3.450446576769999,0.543981518188278,48,0.7919672782533093,32,0.7919672782533089,0.612382211015266,0.8938284664581339,32,12
GAGGA_UCCUAAC,2.6695559622900005,0.47567392337319786,32,0.8763643421344687,28,0.8763643421344687,0.747769498878437,0.9415886917932638,28,4
GAGAA_UUCUAAC,3.8597680037049993,0.9703817984561315,44,0.26290211391516,21,0.26290211391515994,-0.19040076088178678,0.6237988800804387,21,39
GAGGG_CCCUGAC,3.235678620715001,0.7232656987849179,42,0.6031462284312302,33,0.6031462284312302,0.32768480363987407,0.7840985115427498,33,1
GAGGG_CCCUAAC,2.427860140369999,0.504922082251386,37,0.8131052876514242,34,0.8131052876514242,0.6550531560555111,0.9029841013453274,34,64
GAAGG_CCCUAAC,3.9850833004250004,1.0826592215462627,44,-0.1644874624793797,28,-0.16448746247937965,-0.5064886507310382,0.22223358556853895,28,1
